USE RALaundry

INSERT INTO RaStaff values('ST001', 'Brainli', 'Male', 3000000, 'Jl. Sunter Raya 9'),
('ST002', 'Wahyu', 'Male', 2000000, 'Jl. Tomang 10'),
('ST003', 'David Tanady', 'Male', 2000000, 'Jl. Jelambar 2'),
('ST004', 'Verdy', 'Male', 2500000, 'Jl. Jati Bunder 4'),
('ST005', 'Kevin Fransiskus', 'Male', 3000000, 'Jl. Juanda 6'),
('ST006', 'Fredrick', 'Male', 2500000, 'Jl. Cempaka Putih 2'),
('ST007', 'Stephen', 'Male', 2500000, 'Jl. Syahdan 7'),
('ST008', 'Belinda', 'Female', 3000000, 'Jl. Slipi 6'),
('ST009', 'Linda', 'Female', 2500000, 'Jl. Palmerah 5'),
('ST010', 'Winda Kurniawan', 'Female', 3000000, 'Jl. Tanjung Duren 2'),
('ST011', 'Ocha', 'Female', 3000000, 'Jl. Tanjung Duren 3'),
('ST012', 'Tono Setiawan', 'Male', 2700000, 'Jl. Bulan 12'),
('ST013', 'Angelina Priskila', 'Female', 2400000, 'Jl. Bintang 27')

INSERT INTO RaCustomer values('CU001', 'Kristina', '2000/11/12', '081319123123', 'Jl. Palmerah 3', 'Female'),
('CU002', 'Ardiansyah', '2001/12/01', '0813123123123', 'Jl. Petamburan 4', 'Male'),
('CU003', 'Alexander Xavier', '2000/03/24', '081212323123', 'Jl. Slipi 10', 'Male'),
('CU004', 'Valentina', '2002/12/04', '035619123123', 'Jl. Tanjung Duren 1', 'Female'),
('CU005', 'Alvin', '2001/04/19', '08131456123123', 'Jl. Syahdan 5', 'Male'),
('CU006', 'Cyntia', '2003/06/17', '081456123123', 'Jl. Pluit 11', 'Female'),
('CU007', 'Nabila Erwana', '2005/03/15', '081397823123', 'Jl. Tomang 12', 'Female'),
('CU008', 'Sasha Tabitha', '2004/06/16', '081456123123', 'Jl. Kuningan 13', 'Female'),
('CU009', 'Cute girl', '2004/02/14', '081547823123', 'Jl. Grogol 20', 'Female'),
('CU010', 'Abang Nopal', '2000/05/23', '081319463123', 'Jl. Nutrisari 21', 'Male')

INSERT INTO RaVendor values('VE001', 'PT. Sinar Mus', 'Jl. Jati Bunder 5', '08179240238'),
('VE002', 'PT. MTA', 'Jl. semanggi 2', '08174244237'),
('VE003', 'PT. Unilever', 'Jl. Pantai Indah Kapuk 3', '08169667235'),
('VE004', 'PT. Jaya', 'Jl. Kuningan Raya 4', '08171446237'),
('VE005', 'PT. Dewasssh', 'Jl. Kebayoran Baru 5', '08175212236'),
('VE006', 'Sumber Waras', 'Jl. Kebayoran Lama 6', '0817913623'),
('VE007', 'Uniclo', 'Jl. Tomang Raya 7', '08175746631'),
('VE008', 'Matahari Supply', 'Jl. Muara Karang 8', '08179756232'),
('VE009', 'Gio Supply', 'Jl. Tanjung Duren Raya 9', '08179243932'),
('VE010', 'HM Supply', 'Jl. Grogol Raya 10', '08178249271')

INSERT INTO RaClothes values('CL001', 'Batik', 'Cotton'),
('CL002', 'Kemeja Panjang', 'Linen'),
('CL003', 'Kemeja Pendek', 'Linen'),
('CL004', 'Kemeja Oblong', 'Linen'),
('CL005', 'Celana Panjang', 'Polyester'),
('CL006', 'Celana Pendek', 'Polyester'),
('CL007', 'Celana Oblong', 'Polyester'),
('CL008', 'Jeans Panjang', 'Wool'),
('CL009', 'Jeans Pendek', 'Wool'),
('CL010', 'Jeans Oblong', 'Wool'),
('CL011', 'Sweater', 'Cotton')

INSERT INTO RaMaterial values('MA001', 'Sabun', 'Supplies', '25000'),
('MA002', 'Detergen', 'Supplies', '40000'),
('MA003', 'Mesin Cuci', 'Equipment', '1200000'),
('MA004', 'Mesin Dryer', 'Equipment', '1250000'),
('MA005', 'Gantungan Baju', 'Equipment', '20000'),
('MA006', 'Setrika', 'Equipment', '700000'),
('MA007', 'Timbangan Baju', 'Equipment', '500000'),
('MA008', 'Papan Setrika', 'Equipment', '100000'),
('MA009', 'Keranjang Baju', 'Equipment', '100000'),
('MA010', 'Pewangi Baju', 'Supplies', '50000')

INSERT INTO RaServiceTransactionDetail VALUES('SR001', '2019/02/01', '50000', 'Dry Cleaning Service'),
('SR002', '2019/02/02', '40000', 'Laundry service'),
('SR003', '2019/02/03', '50000', 'Ironing Service'),
('SR004', '2019/07/05', '50000', 'Dry Cleaning Service'),
('SR005', '2019/06/07', '50000', 'Laundry service'),
('SR006', '2019/05/08', '30000', 'Laundry service'),
('SR007', '2019/02/09', '25000', 'Dry Cleaning Service'),
('SR008', '2019/03/10', '55000', 'Dry Cleaning Service'),
('SR009', '2019/07/11', '60000', 'Ironing Service'),
('SR010', '2019/07/12', '35000', 'Laundry service'),
('SR011', '2019/08/13', '50000', 'Dry Cleaning Service'),
('SR012', '2019/09/14', '50000', 'Laundry service'),
('SR013', '2019/12/15', '40000', 'Dry Cleaning Service'),
('SR014', '2019/02/16', '40000', 'Dry Cleaning Service'),
('SR015', '2019/02/17', '45000', 'Dry Cleaning Service'),
('SR016', '2019/03/19', '50000', 'Dry Cleaning Service'),
('SR017', '2019/04/20', '50000', 'Laundry service'),
('SR018', '2019/05/27', '23000', 'Laundry service'),
('SR019', '2019/06/28', '65000', 'Dry Cleaning Service'),
('SR020', '2019/03/02', '50000', 'Dry Cleaning Service'),
('SR021', '2019/03/03', '50000', 'Ironing Service'),
('SR022', '2019/03/04', '45000', 'Ironing Service'),
('SR023', '2019/03/05', '45000', 'Laundry service'),
('SR024', '2019/03/06', '35000', 'Dry Cleaning Service'),
('SR025', '2019/03/07', '35000', 'Ironing Service'),
('SR026', '2019/07/07', '25000', 'Ironing Service'),
('SR027', '2019/07/08', '90000', 'Ironing Service'),
('SR028', '2019/07/10', '40000', 'Dry Cleaning Service'),
('SR029', '2019/07/05', '30000', 'Laundry Service'),
('SR030', '2019/07/20', '20000', 'Laundry Service'),
('SR031', '2019/07/10', '45000', 'Dry Cleaning Service')

INSERT INTO RaServiceTransaction VALUES ('SR001','ST004','CU002','CL001'),
('SR002','ST004','CU003','CL003'),
('SR003','ST005','CU007','CL009'),
('SR004','ST001','CU002','CL010'),
('SR005','ST009','CU001','CL002'),
('SR006','ST010','CU005','CL001'),
('SR007','ST004','CU007','CL004'),
('SR008','ST001','CU002','CL009'),
('SR009','ST006','CU005','CL006'),
('SR010','ST009','CU010','CL005'),
('SR011','ST009','CU009','CL004'),
('SR012','ST003','CU002','CL003'),
('SR013','ST005','CU008','CL001'),
('SR014','ST006','CU001','CL008'),
('SR015','ST007','CU009','CL005'),
('SR016','ST004','CU006','CL009'),
('SR017','ST002','CU004','CL001'),
('SR018','ST009','CU002','CL010'),
('SR019','ST010','CU001','CL007'),
('SR020','ST001','CU006','CL006'),
('SR021','ST004','CU006','CL006'),
('SR022','ST009','CU007','CL009'),
('SR023','ST010','CU002','CL010'),
('SR024','ST005','CU005','CL002'),
('SR025','ST002','CU007','CL003'),
('SR026','ST004','CU002','CL001'),
('SR027','ST011','CU007','CL004'),
('SR028','ST012','CU005','CL011'),
('SR029','ST012','CU007','CL009'),
('SR030','ST013','CU009','CL011'),
('SR031','ST012','CU006','CL005')

INSERT INTO RaTransactionMaterialDetail VALUES ('PU001', '2019/01/02', '50'),
('PU002', '2019/01/09', '20'),
('PU003', '2019/01/16', '30'),
('PU004', '2019/01/20', '100'),
('PU005', '2019/01/27', '60'),
('PU006', '2019/01/28', '20'),
('PU007', '2019/02/02', '120'),
('PU008', '2019/02/10', '55'),
('PU009', '2019/02/15', '80'),
('PU010', '2019/02/21', '70'),
('PU011', '2019/02/25', '60'),
('PU012', '2019/03/03', '95'),
('PU013', '2019/03/05', '100'),
('PU014', '2019/03/10', '110'),
('PU015', '2019/03/11', '40'),
('PU016', '2019/03/16', '45'),
('PU017', '2019/03/18', '90'),
('PU018', '2019/03/20', '80'),
('PU019', '2019/03/22', '150'),
('PU020', '2019/03/26', '130'),
('PU021', '2019/03/28', '70'),
('PU022', '2019/03/29', '75'),
('PU023', '2019/04/01', '85'),
('PU024', '2019/04/02', '30'),
('PU025', '2019/04/04', '40'),
('PU026', '2019/07/03', '4'), 
('PU027', '2019/07/05', '10'),
('PU028', '2019/01/02', '120'),
('PU029', '2019/08/22', '100'),
('PU030', '2019/09/12', '110')


INSERT INTO RaTransactionMaterial VALUES ('PU001','ST002','MA003','VE001'),
('PU002','ST001','MA004','VE002'),
('PU003','ST005','MA006','VE004'),
('PU004','ST006','MA007','VE006'),
('PU005','ST007','MA009','VE008'),
('PU006','ST009','MA005','VE003'),
('PU007','ST010','MA004','VE005'),
('PU008','ST002','MA010','VE007'),
('PU009','ST005','MA010','VE009'),
('PU010','ST001','MA002','VE010'),
('PU011','ST001','MA001','VE010'),
('PU012','ST007','MA004','VE002'),
('PU013','ST005','MA001','VE003'),
('PU014','ST006','MA006','VE005'),
('PU015','ST008','MA009','VE008'),
('PU016','ST009','MA008','VE006'),
('PU017','ST003','MA005','VE004'),
('PU018','ST004','MA001','VE003'),
('PU019','ST004','MA009','VE004'),
('PU020','ST001','MA008','VE005'),
('PU021','ST002','MA004','VE007'),
('PU022','ST005','MA006','VE009'),
('PU023','ST006','MA007','VE010'),
('PU024','ST007','MA005','VE008'),
('PU025','ST010','MA002','VE010'),
('PU026','ST012','MA003','VE005'), 
('PU027','ST013','MA002','VE002'),
('PU028','ST012','MA001','VE004'), 
('PU029','ST013','MA002','VE007'), 
('PU030','ST013','MA010','VE009')